origin_name,origin_code,destination_name,destination_code,value
Afghanistan,AFG,United Arab Emirates,ARE,2094
Afghanistan,AFG,Austria,AUT,2175
Afghanistan,AFG,Belgium,BEL,1068
Afghanistan,AFG,Switzerland,CHE,1247
Afghanistan,AFG,Finland,FIN,1379
Afghanistan,AFG,France,FRA,1091
Afghanistan,AFG,Israel,ISR,810
Afghanistan,AFG,Italy,ITA,1782
Afghanistan,AFG,Kazakhstan,KAZ,567
Afghanistan,AFG,New Zealand,NZL,896
Afghanistan,AFG,Qatar,QAT,550
Afghanistan,AFG,Saudi Arabia,SAU,796
Afghanistan,AFG,Syria,SYR,566
United Arab Emirates,ARE,Switzerland,CHE,507
United Arab Emirates,ARE,Algeria,DZA,896
United Arab Emirates,ARE,Egypt,EGY,1381
United Arab Emirates,ARE,Libya,LBY,2817
United Arab Emirates,ARE,Netherlands,NLD,789
United Arab Emirates,ARE,New Zealand,NZL,1166
United Arab Emirates,ARE,Russia,RUS,564
United Arab Emirates,ARE,Sweden,SWE,1101
Argentina,ARG,Austria,AUT,995
Argentina,ARG,Belgium,BEL,1210
Argentina,ARG,Brazil,BRA,2466
Argentina,ARG,Colombia,COL,2226
Argentina,ARG,Czech Republic,CZE,2422
Argentina,ARG,Denmark,DNK,805
Argentina,ARG,Dominican Republic,DOM,602
Argentina,ARG,Greece,GRC,763
Argentina,ARG,Hungary,HUN,651
Argentina,ARG,Ireland,IRL,689
Argentina,ARG,Japan,JPN,678
Argentina,ARG,Kazakhstan,KAZ,921
Argentina,ARG,Netherlands,NLD,1097
Argentina,ARG,Norway,NOR,998
Argentina,ARG,New Zealand,NZL,611
Argentina,ARG,Panama,PAN,665
Argentina,ARG,Poland,POL,1820
Argentina,ARG,Portugal,PRT,1392
Argentina,ARG,Russia,RUS,1325
Argentina,ARG,Sweden,SWE,1658
Argentina,ARG,Turkey,TUR,820
Argentina,ARG,South Africa,ZAF,2907
Armenia,ARM,Bulgaria,BGR,777
Armenia,ARM,Czech Republic,CZE,633
Armenia,ARM,France,FRA,1158
Armenia,ARM,Iran,IRN,2544
Armenia,ARM,Italy,ITA,546
Armenia,ARM,Sweden,SWE,698
Armenia,ARM,Ukraine,UKR,2867
Australia,AUS,Albania,ALB,770
Australia,AUS,Belgium,BEL,1525
Australia,AUS,Bulgaria,BGR,653
Australia,AUS,Switzerland,CHE,2548
Australia,AUS,China,CHN,1554
Australia,AUS,Cyprus,CYP,1764
Australia,AUS,Denmark,DNK,1415
Australia,AUS,Ecuador,ECU,553
Australia,AUS,Finland,FIN,883
Australia,AUS,France,FRA,2254
Australia,AUS,Croatia,HRV,580
Australia,AUS,Hungary,HUN,2611
Australia,AUS,Indonesia,IDN,641
Australia,AUS,Ireland,IRL,911
Australia,AUS,Israel,ISR,1939
Australia,AUS,Japan,JPN,1058
Australia,AUS,Kazakhstan,KAZ,1667
Australia,AUS,South Korea,KOR,1299
Australia,AUS,Netherlands,NLD,1559
Australia,AUS,Norway,NOR,2486
Australia,AUS,Poland,POL,1400
Australia,AUS,Romania,ROU,1939
Australia,AUS,Russia,RUS,2480
Australia,AUS,Singapore,SGP,1756
Australia,AUS,South Sudan,SSD,1137
Australia,AUS,Slovakia,SVK,1195
Australia,AUS,Slovenia,SVN,908
Australia,AUS,Sweden,SWE,2314
Australia,AUS,South Africa,ZAF,1729
Austria,AUT,Switzerland,CHE,677
Austria,AUT,Spain,ESP,1221
Austria,AUT,Hungary,HUN,1669
Austria,AUT,Italy,ITA,1600
Austria,AUT,Slovenia,SVN,507
Austria,AUT,Turkey,TUR,746
Belgium,BEL,Switzerland,CHE,878
Belgium,BEL,Spain,ESP,1384
Belgium,BEL,France,FRA,1650
Belgium,BEL,Israel,ISR,594
Belgium,BEL,Luxembourg,LUX,1654
Belgium,BEL,Poland,POL,1196
Belgium,BEL,Turkey,TUR,594
Benin,BEN,Republic of Congo,COG,1451
Benin,BEN,France,FRA,1626
Benin,BEN,Gabon,GAB,1225
Benin,BEN,Ghana,GHA,1091
Burkina Faso,BFA,Canada,CAN,720
Burkina Faso,BFA,Switzerland,CHE,570
Burkina Faso,BFA,Germany,DEU,996
Burkina Faso,BFA,Spain,ESP,1125
Burkina Faso,BFA,Gabon,GAB,2726
Burkina Faso,BFA,United Kingdom,GBR,729
Burkina Faso,BFA,United States,USA,1368
Bangladesh,BGD,Angola,AGO,1710
Bangladesh,BGD,Austria,AUT,1910
Bangladesh,BGD,Belgium,BEL,1199
Bangladesh,BGD,Bulgaria,BGR,681
Bangladesh,BGD,Brunei,BRN,1299
Bangladesh,BGD,Switzerland,CHE,2414
Bangladesh,BGD,Cyprus,CYP,685
Bangladesh,BGD,Czech Republic,CZE,894
Bangladesh,BGD,Denmark,DNK,1315
Bangladesh,BGD,Algeria,DZA,591
Bangladesh,BGD,Egypt,EGY,978
Bangladesh,BGD,Finland,FIN,1715
Bangladesh,BGD,Fiji,FJI,1042
Bangladesh,BGD,Hungary,HUN,556
Bangladesh,BGD,Ireland,IRL,886
Bangladesh,BGD,Lebanon,LBN,1405
Bangladesh,BGD,Macao,MAC,564
Bangladesh,BGD,Mexico,MEX,620
Bangladesh,BGD,Myanmar,MMR,779
Bangladesh,BGD,Netherlands,NLD,1405
Bangladesh,BGD,Norway,NOR,1189
Bangladesh,BGD,New Zealand,NZL,2597
Bangladesh,BGD,Poland,POL,915
Bangladesh,BGD,Portugal,PRT,1496
Bangladesh,BGD,Russia,RUS,869
Bangladesh,BGD,Turkey,TUR,1938
Bangladesh,BGD,Vietnam,VNM,2889
Bulgaria,BGR,Czech Republic,CZE,2282
Bulgaria,BGR,Denmark,DNK,511
Bulgaria,BGR,Netherlands,NLD,2476
Bulgaria,BGR,Portugal,PRT,1015
Bulgaria,BGR,Sweden,SWE,503
Bosnia and Herzegovina,BIH,Albania,ALB,1534
Bosnia and Herzegovina,BIH,Australia,AUS,1100
Bosnia and Herzegovina,BIH,Austria,AUT,694
Bosnia and Herzegovina,BIH,Spain,ESP,529
Bosnia and Herzegovina,BIH,Croatia,HRV,539
Bosnia and Herzegovina,BIH,Hungary,HUN,987
Bosnia and Herzegovina,BIH,Italy,ITA,1159
Bosnia and Herzegovina,BIH,Montenegro,MNE,1203
Bosnia and Herzegovina,BIH,Slovakia,SVK,739
Bosnia and Herzegovina,BIH,Slovenia,SVN,1143
Bosnia and Herzegovina,BIH,Turkey,TUR,826
Belarus,BLR,Azerbaijan,AZE,763
Belarus,BLR,Czech Republic,CZE,2562
Belarus,BLR,Spain,ESP,1145
Belarus,BLR,Estonia,EST,1004
Belarus,BLR,France,FRA,718
Belarus,BLR,Kazakhstan,KAZ,2739
Belarus,BLR,Lithuania,LTU,2053
Belarus,BLR,Sweden,SWE,727
Belize,BLZ,Canada,CAN,636
Belize,BLZ,United Kingdom,GBR,1502
Belize,BLZ,Mexico,MEX,537
Bolivia,BOL,Canada,CAN,1171
Bolivia,BOL,Switzerland,CHE,1074
Bolivia,BOL,Ecuador,ECU,973
Bolivia,BOL,France,FRA,1018
Bolivia,BOL,Sweden,SWE,1180
Brazil,BRA,Austria,AUT,2092
Brazil,BRA,Brunei,BRN,846
Brazil,BRA,Chile,CHL,1901
Brazil,BRA,Colombia,COL,1311
Brazil,BRA,Czech Republic,CZE,1285
Brazil,BRA,Denmark,DNK,1605
Brazil,BRA,Finland,FIN,813
Brazil,BRA,Greece,GRC,734
Brazil,BRA,Guyana,GUY,611
Brazil,BRA,Hungary,HUN,808
Brazil,BRA,Ireland,IRL,880
Brazil,BRA,Kazakhstan,KAZ,1587
Brazil,BRA,Mexico,MEX,1113
Brazil,BRA,Norway,NOR,2402
Brazil,BRA,New Zealand,NZL,1093
Brazil,BRA,Poland,POL,884
Brazil,BRA,North Korea,PRK,1463
Brazil,BRA,Romania,ROU,1372
Brazil,BRA,Russia,RUS,598
Brazil,BRA,Suriname,SUR,2034
Brazil,BRA,Turkey,TUR,1254
Brazil,BRA,Ukraine,UKR,721
Brazil,BRA,Uruguay,URY,1259
Brazil,BRA,Venezuela,VEN,2752
Brunei,BRN,United Arab Emirates,ARE,1597
Brunei,BRN,China,CHN,578
Brunei,BRN,United Kingdom,GBR,2642
Brunei,BRN,Hong Kong,HKG,1032
Brunei,BRN,Japan,JPN,506
Brunei,BRN,Netherlands,NLD,575
Brunei,BRN,New Zealand,NZL,1031
Brunei,BRN,Saudi Arabia,SAU,1005
Central African Republic,CAF,Burundi,BDI,850
Central African Republic,CAF,France,FRA,2948
Canada,CAN,Australia,AUS,2403
Canada,CAN,Austria,AUT,2162
Canada,CAN,Burundi,BDI,2121
Canada,CAN,Belgium,BEL,2586
Canada,CAN,Switzerland,CHE,2063
Canada,CAN,China,CHN,642
Canada,CAN,Denmark,DNK,1086
Canada,CAN,Ecuador,ECU,724
Canada,CAN,Finland,FIN,1101
Canada,CAN,France,FRA,2319
Canada,CAN,Hungary,HUN,2402
Canada,CAN,Ireland,IRL,582
Canada,CAN,Iceland,ISL,786
Canada,CAN,Israel,ISR,1821
Canada,CAN,Kazakhstan,KAZ,1571
Canada,CAN,South Korea,KOR,1191
Canada,CAN,Netherlands,NLD,1600
Canada,CAN,Poland,POL,1266
Canada,CAN,Portugal,PRT,821
Canada,CAN,Romania,ROU,1321
Canada,CAN,Russia,RUS,2093
Canada,CAN,Rwanda,RWA,954
Canada,CAN,Slovakia,SVK,976
Canada,CAN,Sweden,SWE,1697
Canada,CAN,Turkey,TUR,2121
Canada,CAN,Tanzania,TZA,742
Canada,CAN,Ukraine,UKR,612
Canada,CAN,South Africa,ZAF,747
Switzerland,CHE,Australia,AUS,768
Switzerland,CHE,Austria,AUT,2427
Switzerland,CHE,Czech Republic,CZE,2673
Switzerland,CHE,Ecuador,ECU,534
Switzerland,CHE,Hungary,HUN,780
Switzerland,CHE,Israel,ISR,1029
Switzerland,CHE,Poland,POL,643
Switzerland,CHE,Portugal,PRT,2111
Switzerland,CHE,Slovakia,SVK,577
Switzerland,CHE,Sweden,SWE,608
Switzerland,CHE,Turkey,TUR,2634
Chile,CHL,Bolivia,BOL,2329
Chile,CHL,Switzerland,CHE,1931
Chile,CHL,Colombia,COL,686
Chile,CHL,Germany,DEU,856
Chile,CHL,France,FRA,2301
Chile,CHL,Israel,ISR,1517
Chile,CHL,Mexico,MEX,638
Chile,CHL,Norway,NOR,1854
Chile,CHL,New Zealand,NZL,539
Chile,CHL,Paraguay,PRY,635
Chile,CHL,Venezuela,VEN,1765
China,CHN,Argentina,ARG,2736
China,CHN,Botswana,BWA,800
China,CHN,Chile,CHL,1547
China,CHN,Colombia,COL,740
China,CHN,Cyprus,CYP,514
China,CHN,Dominican Republic,DOM,578
China,CHN,Ecuador,ECU,2006
China,CHN,Greece,GRC,2523
China,CHN,Ireland,IRL,967
China,CHN,Kazakhstan,KAZ,2973
China,CHN,Madagascar,MDG,860
China,CHN,Mexico,MEX,2730
China,CHN,Myanmar,MMR,2463
China,CHN,Panama,PAN,1645
China,CHN,Poland,POL,767
China,CHN,Romania,ROU,1349
China,CHN,Suriname,SUR,1240
China,CHN,Turkey,TUR,626
China,CHN,Uzbekistan,UZB,577
China,CHN,Vietnam,VNM,1610
Ivory Coast,CIV,Australia,AUS,992
Ivory Coast,CIV,Belgium,BEL,2782
Ivory Coast,CIV,Central African Republic,CAF,511
Ivory Coast,CIV,Denmark,DNK,501
Ivory Coast,CIV,Gambia,GMB,887
Ivory Coast,CIV,Mauritania,MRT,2577
Ivory Coast,CIV,Netherlands,NLD,2413
Ivory Coast,CIV,Portugal,PRT,1553
Ivory Coast,CIV,Senegal,SEN,2606
Ivory Coast,CIV,Sierra Leone,SLE,946
Ivory Coast,CIV,Sweden,SWE,1026
Ivory Coast,CIV,South Africa,ZAF,1083
Cameroon,CMR,Canada,CAN,1421
Cameroon,CMR,Switzerland,CHE,2943
Cameroon,CMR,Spain,ESP,2784
Cameroon,CMR,Netherlands,NLD,746
Cameroon,CMR,Sweden,SWE,836
Cameroon,CMR,South Africa,ZAF,891
Democratic Republic of the Congo,COD,Angola,AGO,710
Democratic Republic of the Congo,COD,United Arab Emirates,ARE,785
Democratic Republic of the Congo,COD,Germany,DEU,504
Democratic Republic of the Congo,COD,Rwanda,RWA,2953
Democratic Republic of the Congo,COD,Chad,TCD,1455
Democratic Republic of the Congo,COD,Tanzania,TZA,533
Democratic Republic of the Congo,COD,South Africa,ZAF,802
Republic of Congo,COG,Burundi,BDI,593
Republic of Congo,COG,Germany,DEU,1802
Republic of Congo,COG,France,FRA,927
Republic of Congo,COG,Tanzania,TZA,1899
Republic of Congo,COG,South Africa,ZAF,2193
Colombia,COL,Australia,AUS,1225
Colombia,COL,Canada,CAN,911
Colombia,COL,Switzerland,CHE,506
Colombia,COL,Chile,CHL,1429
Colombia,COL,Costa Rica,CRI,1115
Colombia,COL,Germany,DEU,500
Colombia,COL,France,FRA,851
Comoros,COM,Madagascar,MDG,648
Comoros,COM,Mayotte,MYT,869
Cape Verde,CPV,Brazil,BRA,534
Cape Verde,CPV,Spain,ESP,975
Cape Verde,CPV,Italy,ITA,761
Cape Verde,CPV,United States,USA,1427
Costa Rica,CRI,Canada,CAN,1330
Costa Rica,CRI,Ecuador,ECU,757
Costa Rica,CRI,Spain,ESP,1601
Costa Rica,CRI,Italy,ITA,1006
Costa Rica,CRI,Nicaragua,NIC,1194
Costa Rica,CRI,Panama,PAN,912
Cuba,CUB,Switzerland,CHE,1153
Cuba,CUB,Colombia,COL,609
Cuba,CUB,Dominican Republic,DOM,751
Cuba,CUB,Ecuador,ECU,2054
Cuba,CUB,France,FRA,1726
Cuba,CUB,Mexico,MEX,2359
Cuba,CUB,Portugal,PRT,780
Cuba,CUB,Russia,RUS,774
Cuba,CUB,Sweden,SWE,814
Cuba,CUB,Venezuela,VEN,1661
Czech Republic,CZE,Belgium,BEL,852
Czech Republic,CZE,Switzerland,CHE,613
Czech Republic,CZE,Spain,ESP,1702
Czech Republic,CZE,Hungary,HUN,2659
Czech Republic,CZE,Italy,ITA,1223
Czech Republic,CZE,Netherlands,NLD,730
Czech Republic,CZE,Norway,NOR,535
Germany,DEU,Burundi,BDI,2137
Germany,DEU,Bulgaria,BGR,2262
Germany,DEU,Cyprus,CYP,1837
Germany,DEU,Denmark,DNK,2077
Germany,DEU,Finland,FIN,890
Germany,DEU,Ireland,IRL,1188
Germany,DEU,Israel,ISR,884
Germany,DEU,Liberia,LBR,962
Germany,DEU,Macedonia,MKD,2576
Germany,DEU,Netherlands,NLD,2375
Germany,DEU,Portugal,PRT,908
Germany,DEU,Romania,ROU,2759
Germany,DEU,South Sudan,SSD,2549
Germany,DEU,Slovakia,SVK,2400
Germany,DEU,Uganda,UGA,754
Djibouti,DJI,France,FRA,2752
Denmark,DNK,Germany,DEU,1981
Denmark,DNK,Spain,ESP,1123
Denmark,DNK,Norway,NOR,1816
Denmark,DNK,Turkey,TUR,513
Dominican Republic,DOM,Aruba,ABW,969
Dominican Republic,DOM,Austria,AUT,719
Dominican Republic,DOM,Canada,CAN,1687
Dominican Republic,DOM,Germany,DEU,2577
Dominican Republic,DOM,France,FRA,2663
Dominican Republic,DOM,Haiti,HTI,587
Dominican Republic,DOM,Netherlands,NLD,1645
Dominican Republic,DOM,Venezuela,VEN,1999
Algeria,DZA,Belgium,BEL,535
Algeria,DZA,Canada,CAN,1761
Algeria,DZA,United Kingdom,GBR,2152
Algeria,DZA,Italy,ITA,1505
Ecuador,ECU,Canada,CAN,716
Ecuador,ECU,Switzerland,CHE,1186
Ecuador,ECU,Chile,CHL,2727
Ecuador,ECU,Colombia,COL,2276
Ecuador,ECU,Germany,DEU,609
Ecuador,ECU,France,FRA,1103
Ecuador,ECU,Sweden,SWE,551
Ecuador,ECU,Venezuela,VEN,1698
Egypt,EGY,Switzerland,CHE,1478
Egypt,EGY,Cyprus,CYP,1672
Egypt,EGY,Spain,ESP,1308
Egypt,EGY,Libya,LBY,1111
Egypt,EGY,Macedonia,MKD,615
Egypt,EGY,Nigeria,NGA,800
Egypt,EGY,Netherlands,NLD,2474
Egypt,EGY,Palestine,PSE,2948
Egypt,EGY,Sweden,SWE,1434
Egypt,EGY,South Africa,ZAF,811
Eritrea,ERI,Burundi,BDI,1512
Eritrea,ERI,South Sudan,SSD,2294
Spain,ESP,Liberia,LBR,705
Ethiopia,ETH,Bahrain,BHR,549
Ethiopia,ETH,Switzerland,CHE,1852
Ethiopia,ETH,Djibouti,DJI,1479
Ethiopia,ETH,Denmark,DNK,711
Ethiopia,ETH,Algeria,DZA,1244
Ethiopia,ETH,Egypt,EGY,1310
Ethiopia,ETH,Spain,ESP,1277
Ethiopia,ETH,Finland,FIN,1098
Ethiopia,ETH,Greece,GRC,969
Ethiopia,ETH,Libya,LBY,695
Ethiopia,ETH,Netherlands,NLD,1912
Ethiopia,ETH,Qatar,QAT,1077
Ethiopia,ETH,Somalia,SOM,863
Ethiopia,ETH,Uganda,UGA,1545
Finland,FIN,Kazakhstan,KAZ,1007
Finland,FIN,Ukraine,UKR,1272
France,FRA,Austria,AUT,2769
France,FRA,Burundi,BDI,2498
France,FRA,Bulgaria,BGR,1004
France,FRA,Central African Republic,CAF,806
France,FRA,Channel Islands,CHI,1239
France,FRA,Republic of Congo,COG,1883
France,FRA,Cyprus,CYP,1129
France,FRA,Algeria,DZA,589
France,FRA,Ecuador,ECU,1077
France,FRA,Finland,FIN,1443
France,FRA,Equatorial Guinea,GNQ,1434
France,FRA,Greece,GRC,1088
France,FRA,Hungary,HUN,2458
France,FRA,Japan,JPN,643
France,FRA,Madagascar,MDG,1387
France,FRA,Mayotte,MYT,913
France,FRA,New Zealand,NZL,2814
France,FRA,Qatar,QAT,946
France,FRA,Reunion,REU,1682
France,FRA,Russia,RUS,1509
France,FRA,South Sudan,SSD,2935
France,FRA,Slovakia,SVK,2280
France,FRA,Uganda,UGA,842
France,FRA,United States,USA,547
Micronesia,FSM,Guam,GUM,1212
Gabon,GAB,Burundi,BDI,1330
Gabon,GAB,Belgium,BEL,597
Gabon,GAB,Canada,CAN,520
Gabon,GAB,Republic of Congo,COG,1862
Gabon,GAB,Germany,DEU,806
Gabon,GAB,Spain,ESP,745
Gabon,GAB,South Sudan,SSD,1226
Gabon,GAB,South Africa,ZAF,735
United Kingdom,GBR,Austria,AUT,2512
United Kingdom,GBR,Bulgaria,BGR,1683
United Kingdom,GBR,Bahrain,BHR,971
United Kingdom,GBR,Barbados,BRB,836
United Kingdom,GBR,Botswana,BWA,1466
United Kingdom,GBR,China,CHN,1554
United Kingdom,GBR,Algeria,DZA,617
United Kingdom,GBR,Ecuador,ECU,1250
United Kingdom,GBR,Finland,FIN,2130
United Kingdom,GBR,Hong Kong,HKG,551
United Kingdom,GBR,Hungary,HUN,2608
United Kingdom,GBR,Indonesia,IDN,835
United Kingdom,GBR,Jamaica,JAM,710
United Kingdom,GBR,South Korea,KOR,868
United Kingdom,GBR,Lithuania,LTU,2408
United Kingdom,GBR,Luxembourg,LUX,2215
United Kingdom,GBR,Latvia,LVA,1280
United Kingdom,GBR,Malta,MLT,2498
United Kingdom,GBR,Qatar,QAT,1830
United Kingdom,GBR,Romania,ROU,1065
United Kingdom,GBR,Russia,RUS,1284
United Kingdom,GBR,Thailand,THA,514
United Kingdom,GBR,Uganda,UGA,1202
United Kingdom,GBR,United States,USA,2196
Georgia,GEO,Austria,AUT,635
Georgia,GEO,Azerbaijan,AZE,1908
Georgia,GEO,Bulgaria,BGR,536
Georgia,GEO,Belarus,BLR,2326
Georgia,GEO,Canada,CAN,543
Georgia,GEO,Czech Republic,CZE,2061
Georgia,GEO,Moldova,MDA,1195
Georgia,GEO,Portugal,PRT,717
Georgia,GEO,Sweden,SWE,614
Georgia,GEO,Turkmenistan,TKM,534
Georgia,GEO,Turkey,TUR,2302
Georgia,GEO,United States,USA,778
Ghana,GHA,Australia,AUS,1399
Ghana,GHA,Austria,AUT,640
Ghana,GHA,Belgium,BEL,1378
Ghana,GHA,Benin,BEN,2563
Ghana,GHA,Switzerland,CHE,815
Ghana,GHA,Denmark,DNK,618
Ghana,GHA,France,FRA,1572
Ghana,GHA,Gabon,GAB,704
Ghana,GHA,Netherlands,NLD,2997
Ghana,GHA,Norway,NOR,554
Ghana,GHA,Sweden,SWE,781
Ghana,GHA,South Africa,ZAF,2490
Guinea,GIN,Australia,AUS,2671
Guinea,GIN,Belgium,BEL,1135
Guinea,GIN,Canada,CAN,2574
Guinea,GIN,Switzerland,CHE,508
Guinea,GIN,Germany,DEU,1566
Guinea,GIN,Gabon,GAB,539
Guinea,GIN,Guinea-Bissau,GNB,1043
Guinea,GIN,Italy,ITA,2163
Guinea,GIN,Mauritania,MRT,2020
Guinea,GIN,Nigeria,NGA,1110
Guinea,GIN,Portugal,PRT,2318
Guinea,GIN,Sweden,SWE,570
Guadeloupe,GLP,Canada,CAN,687
Guadeloupe,GLP,Italy,ITA,747
Guadeloupe,GLP,Martinique,MTQ,800
Guadeloupe,GLP,United States,USA,900
Gambia,GMB,Germany,DEU,717
Gambia,GMB,France,FRA,515
Gambia,GMB,Liberia,LBR,605
Gambia,GMB,Sweden,SWE,1566
Gambia,GMB,United States,USA,1502
Guinea-Bissau,GNB,Cape Verde,CPV,2037
Guinea-Bissau,GNB,Spain,ESP,2176
Guinea-Bissau,GNB,Mauritania,MRT,556
Greece,GRC,Switzerland,CHE,778
Greece,GRC,Germany,DEU,1728
Greece,GRC,Spain,ESP,1341
Greece,GRC,France,FRA,708
Greece,GRC,United Kingdom,GBR,2343
Greece,GRC,Israel,ISR,2659
Greece,GRC,Kazakhstan,KAZ,581
Greece,GRC,Poland,POL,633
Greece,GRC,Russia,RUS,750
Greece,GRC,Turkey,TUR,2972
Grenada,GRD,Canada,CAN,2518
Grenada,GRD,United States,USA,2110
Guatemala,GTM,Belize,BLZ,2576
Guatemala,GTM,Spain,ESP,2813
Guatemala,GTM,France,FRA,974
Guatemala,GTM,Italy,ITA,812
Guatemala,GTM,El Salvador,SLV,1201
Guyana,GUY,Barbados,BRB,723
Guyana,GUY,France,FRA,2606
Guyana,GUY,Suriname,SUR,2281
Guyana,GUY,Venezuela,VEN,1306
Hong Kong,HKG,Brunei,BRN,2051
Hong Kong,HKG,China,CHN,1862
Honduras,HND,Belize,BLZ,698
Honduras,HND,Canada,CAN,739
Honduras,HND,Guatemala,GTM,871
Honduras,HND,Italy,ITA,753
Honduras,HND,Mexico,MEX,2827
Croatia,HRV,Albania,ALB,529
Croatia,HRV,Australia,AUS,1160
Haiti,HTI,Switzerland,CHE,566
Haiti,HTI,French Guiana,GUF,2088
Haiti,HTI,Netherlands,NLD,506
Hungary,HUN,Spain,ESP,666
Hungary,HUN,Italy,ITA,1226
Indonesia,IDN,Austria,AUT,771
Indonesia,IDN,Belgium,BEL,1029
Indonesia,IDN,Brazil,BRA,761
Indonesia,IDN,Switzerland,CHE,2272
Indonesia,IDN,Denmark,DNK,891
Indonesia,IDN,Algeria,DZA,2342
Indonesia,IDN,Spain,ESP,2828
Indonesia,IDN,United Kingdom,GBR,950
Indonesia,IDN,Italy,ITA,2418
Indonesia,IDN,Lebanon,LBN,605
Indonesia,IDN,Macao,MAC,683
Indonesia,IDN,New Caledonia,NCL,719
Indonesia,IDN,Norway,NOR,1103
Indonesia,IDN,North Korea,PRK,1283
Indonesia,IDN,Portugal,PRT,605
Indonesia,IDN,Solomon Islands,SLB,557
Indonesia,IDN,Sweden,SWE,1746
Indonesia,IDN,Thailand,THA,1156
Indonesia,IDN,South Africa,ZAF,952
India,IND,Brunei,BRN,2940
India,IND,Botswana,BWA,2546
India,IND,Cyprus,CYP,1352
India,IND,Czech Republic,CZE,1099
India,IND,Algeria,DZA,635
India,IND,Egypt,EGY,683
India,IND,Finland,FIN,2701
India,IND,Fiji,FJI,664
India,IND,Hungary,HUN,647
India,IND,Indonesia,IDN,1904
India,IND,Ireland,IRL,1945
India,IND,Jordan,JOR,1957
India,IND,Kazakhstan,KAZ,551
India,IND,South Korea,KOR,2344
India,IND,Liberia,LBR,636
India,IND,Libya,LBY,726
India,IND,Madagascar,MDG,1931
India,IND,Malawi,MWI,674
India,IND,Panama,PAN,1048
India,IND,Poland,POL,803
India,IND,Portugal,PRT,2638
India,IND,South Sudan,SSD,2187
India,IND,Thailand,THA,2720
India,IND,Turkey,TUR,525
India,IND,Uganda,UGA,2169
India,IND,Vietnam,VNM,525
Ireland,IRL,Czech Republic,CZE,512
Ireland,IRL,Spain,ESP,1081
Ireland,IRL,United Kingdom,GBR,1039
Ireland,IRL,Italy,ITA,703
Iran,IRN,Armenia,ARM,1423
Iran,IRN,Belgium,BEL,2698
Iran,IRN,Algeria,DZA,2019
Iran,IRN,Spain,ESP,1472
Iran,IRN,Greece,GRC,1915
Iran,IRN,Hungary,HUN,1123
Iran,IRN,New Zealand,NZL,1002
Iran,IRN,Romania,ROU,986
Iran,IRN,Russia,RUS,731
Iraq,IRQ,United Arab Emirates,ARE,534
Iraq,IRQ,Australia,AUS,704
Iraq,IRQ,Germany,DEU,2164
Iraq,IRQ,Algeria,DZA,1058
Iraq,IRQ,Norway,NOR,1169
Iceland,ISL,Denmark,DNK,679
Israel,ISR,Belgium,BEL,1177
Israel,ISR,Bulgaria,BGR,608
Israel,ISR,Cyprus,CYP,875
Israel,ISR,Czech Republic,CZE,1682
Israel,ISR,France,FRA,2714
Israel,ISR,Greece,GRC,761
Israel,ISR,Netherlands,NLD,630
Israel,ISR,Norway,NOR,1192
Israel,ISR,Portugal,PRT,826
Israel,ISR,Romania,ROU,510
Israel,ISR,Sweden,SWE,651
Italy,ITA,Albania,ALB,1135
Italy,ITA,Austria,AUT,1512
Italy,ITA,Bosnia and Herzegovina,BIH,964
Italy,ITA,Germany,DEU,2675
Italy,ITA,France,FRA,648
Italy,ITA,Croatia,HRV,1396
Italy,ITA,Montenegro,MNE,505
Italy,ITA,Slovenia,SVN,2029
Italy,ITA,Turkey,TUR,750
Jamaica,JAM,Bahamas,BHS,720
Jordan,JOR,Australia,AUS,1805
Jordan,JOR,Brazil,BRA,626
Jordan,JOR,Algeria,DZA,2341
Jordan,JOR,Egypt,EGY,2459
Jordan,JOR,Spain,ESP,741
Jordan,JOR,France,FRA,561
Jordan,JOR,Indonesia,IDN,2072
Jordan,JOR,Israel,ISR,1227
Jordan,JOR,Italy,ITA,1213
Jordan,JOR,Kuwait,KWT,1871
Jordan,JOR,Libya,LBY,2162
Jordan,JOR,Romania,ROU,739
Jordan,JOR,Saudi Arabia,SAU,1224
Jordan,JOR,Sweden,SWE,1578
Jordan,JOR,Turkey,TUR,568
Japan,JPN,Austria,AUT,721
Japan,JPN,Belgium,BEL,1400
Japan,JPN,Switzerland,CHE,1933
Japan,JPN,China,CHN,1832
Japan,JPN,Czech Republic,CZE,1117
Japan,JPN,Spain,ESP,1608
Japan,JPN,Finland,FIN,562
Japan,JPN,United Kingdom,GBR,1201
Japan,JPN,Hong Kong,HKG,1819
Japan,JPN,Hungary,HUN,576
Japan,JPN,Indonesia,IDN,1769
Japan,JPN,Italy,ITA,2252
Japan,JPN,South Korea,KOR,2393
Japan,JPN,Malaysia,MYS,1418
Japan,JPN,Netherlands,NLD,700
Japan,JPN,New Zealand,NZL,2185
Japan,JPN,Russia,RUS,502
Japan,JPN,Sweden,SWE,940
Japan,JPN,Turkey,TUR,882
Kazakhstan,KAZ,Austria,AUT,1312
Kazakhstan,KAZ,Azerbaijan,AZE,1142
Kazakhstan,KAZ,Belgium,BEL,903
Kazakhstan,KAZ,Canada,CAN,837
Kazakhstan,KAZ,Switzerland,CHE,2139
Kazakhstan,KAZ,Czech Republic,CZE,2658
Kazakhstan,KAZ,Spain,ESP,1180
Kazakhstan,KAZ,France,FRA,1225
Kazakhstan,KAZ,Greece,GRC,1062
Kazakhstan,KAZ,Lithuania,LTU,1119
Kazakhstan,KAZ,Moldova,MDA,2410
Kazakhstan,KAZ,Norway,NOR,568
Kazakhstan,KAZ,Poland,POL,2115
Kazakhstan,KAZ,Sweden,SWE,757
Kenya,KEN,Switzerland,CHE,1149
Kenya,KEN,Germany,DEU,2935
Kenya,KEN,Spain,ESP,542
Kenya,KEN,Finland,FIN,561
Kenya,KEN,France,FRA,612
Kenya,KEN,Italy,ITA,1442
Kenya,KEN,Netherlands,NLD,710
Kenya,KEN,Norway,NOR,688
Kenya,KEN,Sweden,SWE,1090
Kyrgyzstan,KGZ,Czech Republic,CZE,732
Kyrgyzstan,KGZ,Israel,ISR,557
Kyrgyzstan,KGZ,Italy,ITA,1208
Kyrgyzstan,KGZ,Ukraine,UKR,1391
Cambodia,KHM,Switzerland,CHE,907
Cambodia,KHM,Czech Republic,CZE,1571
Cambodia,KHM,Germany,DEU,2252
Cambodia,KHM,Italy,ITA,811
Cambodia,KHM,Japan,JPN,1045
Cambodia,KHM,New Zealand,NZL,1527
Cambodia,KHM,Sweden,SWE,811
South Korea,KOR,Switzerland,CHE,1271
South Korea,KOR,Czech Republic,CZE,1155
South Korea,KOR,Denmark,DNK,2054
South Korea,KOR,Ecuador,ECU,594
South Korea,KOR,Spain,ESP,906
South Korea,KOR,Hong Kong,HKG,561
South Korea,KOR,Hungary,HUN,576
South Korea,KOR,Italy,ITA,801
South Korea,KOR,Mexico,MEX,1945
South Korea,KOR,Mongolia,MNG,819
South Korea,KOR,Netherlands,NLD,1463
South Korea,KOR,Norway,NOR,2229
South Korea,KOR,Philippines,PHL,2492
South Korea,KOR,North Korea,PRK,2628
South Korea,KOR,Paraguay,PRY,509
South Korea,KOR,Russia,RUS,2332
South Korea,KOR,Sweden,SWE,2945
Kuwait,KWT,Australia,AUS,1458
Kuwait,KWT,Canada,CAN,2281
Kuwait,KWT,Germany,DEU,662
Kuwait,KWT,Algeria,DZA,1146
Kuwait,KWT,Egypt,EGY,848
Kuwait,KWT,France,FRA,538
Kuwait,KWT,Italy,ITA,756
Kuwait,KWT,Jordan,JOR,536
Kuwait,KWT,Kazakhstan,KAZ,577
Kuwait,KWT,Palestine,PSE,1893
Kuwait,KWT,Sweden,SWE,622
Kuwait,KWT,United States,USA,2156
Lebanon,LBN,Belgium,BEL,589
Lebanon,LBN,Bahrain,BHR,1225
Lebanon,LBN,Switzerland,CHE,1316
Lebanon,LBN,Cyprus,CYP,1008
Lebanon,LBN,Denmark,DNK,1705
Lebanon,LBN,Algeria,DZA,933
Lebanon,LBN,Egypt,EGY,836
Lebanon,LBN,Spain,ESP,569
Lebanon,LBN,Greece,GRC,1162
Lebanon,LBN,Italy,ITA,2458
Lebanon,LBN,Jordan,JOR,1169
Lebanon,LBN,Palestine,PSE,834
Lebanon,LBN,Qatar,QAT,2208
Lebanon,LBN,Romania,ROU,644
Lebanon,LBN,United States,USA,1603
Lebanon,LBN,Venezuela,VEN,655
Liberia,LBR,United Kingdom,GBR,1595
Liberia,LBR,United States,USA,1377
Libya,LBY,Switzerland,CHE,501
Libya,LBY,Germany,DEU,1903
Libya,LBY,Egypt,EGY,1902
Libya,LBY,Spain,ESP,549
Libya,LBY,France,FRA,2076
Libya,LBY,Kazakhstan,KAZ,501
Libya,LBY,Lebanon,LBN,1275
Libya,LBY,Norway,NOR,604
Libya,LBY,South Sudan,SSD,1363
Libya,LBY,Sweden,SWE,2103
Libya,LBY,Turkey,TUR,1371
Saint Lucia,LCA,Barbados,BRB,584
Saint Lucia,LCA,France,FRA,1481
Sri Lanka,LKA,Brunei,BRN,825
Sri Lanka,LKA,China,CHN,1276
Sri Lanka,LKA,Denmark,DNK,1949
Sri Lanka,LKA,Greece,GRC,857
Sri Lanka,LKA,Japan,JPN,2521
Sri Lanka,LKA,Malaysia,MYS,1680
Sri Lanka,LKA,Netherlands,NLD,2001
Sri Lanka,LKA,Norway,NOR,2973
Sri Lanka,LKA,New Zealand,NZL,2150
Sri Lanka,LKA,Saudi Arabia,SAU,1284
Sri Lanka,LKA,Singapore,SGP,2883
Sri Lanka,LKA,Sweden,SWE,2087
Lithuania,LTU,Belarus,BLR,1602
Lithuania,LTU,Denmark,DNK,1918
Lithuania,LTU,Iceland,ISL,632
Lithuania,LTU,Italy,ITA,1807
Lithuania,LTU,Latvia,LVA,654
Lithuania,LTU,Netherlands,NLD,620
Lithuania,LTU,Sweden,SWE,2774
Lithuania,LTU,Uzbekistan,UZB,532
Luxembourg,LUX,Germany,DEU,2314
Luxembourg,LUX,Italy,ITA,604
Latvia,LVA,Belarus,BLR,929
Latvia,LVA,Czech Republic,CZE,861
Latvia,LVA,Spain,ESP,555
Latvia,LVA,Italy,ITA,896
Latvia,LVA,Norway,NOR,546
Latvia,LVA,Russia,RUS,1090
Latvia,LVA,Sweden,SWE,696
Macao,MAC,Hong Kong,HKG,1367
Macao,MAC,United States,USA,558
Morocco,MAR,United Arab Emirates,ARE,2148
Morocco,MAR,Denmark,DNK,961
Morocco,MAR,Finland,FIN,672
Morocco,MAR,Norway,NOR,1354
Morocco,MAR,Portugal,PRT,503
Morocco,MAR,Qatar,QAT,639
Morocco,MAR,South Sudan,SSD,2210
Morocco,MAR,Sweden,SWE,2472
Morocco,MAR,Tunisia,TUN,1263
Moldova,MDA,Bulgaria,BGR,1090
Moldova,MDA,Belarus,BLR,970
Moldova,MDA,Canada,CAN,1145
Moldova,MDA,Germany,DEU,1870
Moldova,MDA,France,FRA,2207
Moldova,MDA,United States,USA,2788
Maldives,MDV,United Arab Emirates,ARE,1713
Maldives,MDV,Australia,AUS,1286
Maldives,MDV,Canada,CAN,768
Maldives,MDV,United Kingdom,GBR,993
Maldives,MDV,Italy,ITA,880
Maldives,MDV,United States,USA,1064
Mexico,MEX,Australia,AUS,1725
Mexico,MEX,Austria,AUT,532
Mexico,MEX,Brazil,BRA,900
Mexico,MEX,Switzerland,CHE,2513
Mexico,MEX,Colombia,COL,1274
Mexico,MEX,Germany,DEU,2662
Mexico,MEX,Ecuador,ECU,2198
Mexico,MEX,Israel,ISR,1634
Mexico,MEX,Kazakhstan,KAZ,1102
Mexico,MEX,Netherlands,NLD,1167
Mexico,MEX,Norway,NOR,512
Mexico,MEX,Panama,PAN,799
Mexico,MEX,Sweden,SWE,1006
Mexico,MEX,Venezuela,VEN,1110
Macedonia,MKD,Albania,ALB,750
Macedonia,MKD,Bulgaria,BGR,666
Macedonia,MKD,Czech Republic,CZE,616
Macedonia,MKD,Greece,GRC,844
Macedonia,MKD,Montenegro,MNE,588
Macedonia,MKD,Slovenia,SVN,1345
Macedonia,MKD,Turkey,TUR,1548
Mali,MLI,Canada,CAN,501
Mali,MLI,Germany,DEU,1061
Mali,MLI,Ghana,GHA,1793
Mali,MLI,Gambia,GMB,1624
Mali,MLI,Italy,ITA,940
Mali,MLI,Liberia,LBR,1542
Mali,MLI,Togo,TGO,606
Myanmar,MMR,Canada,CAN,1231
Myanmar,MMR,Denmark,DNK,614
Myanmar,MMR,South Korea,KOR,1152
Myanmar,MMR,Norway,NOR,1311
Myanmar,MMR,Sweden,SWE,687
Myanmar,MMR,Vietnam,VNM,2013
Montenegro,MNE,Albania,ALB,1692
Montenegro,MNE,Austria,AUT,1822
Montenegro,MNE,Croatia,HRV,2219
Montenegro,MNE,Macedonia,MKD,1772
Mongolia,MNG,France,FRA,538
Mongolia,MNG,Kazakhstan,KAZ,632
Mozambique,MOZ,Angola,AGO,529
Mozambique,MOZ,Australia,AUS,2907
Mozambique,MOZ,Burundi,BDI,740
Mozambique,MOZ,Botswana,BWA,630
Mozambique,MOZ,Switzerland,CHE,600
Mozambique,MOZ,New Zealand,NZL,746
Mozambique,MOZ,Tanzania,TZA,1421
Mozambique,MOZ,United States,USA,955
Mauritania,MRT,Republic of Congo,COG,521
Mauritania,MRT,France,FRA,2883
Mauritania,MRT,Mali,MLI,1202
Mauritania,MRT,Nigeria,NGA,1534
Mauritius,MUS,Australia,AUS,2654
Mauritius,MUS,Canada,CAN,1436
Mauritius,MUS,France,FRA,1611
Mauritius,MUS,United Kingdom,GBR,1805
Mauritius,MUS,South Africa,ZAF,1671
Malawi,MWI,Australia,AUS,532
Malawi,MWI,Democratic Republic of the Congo,COD,2060
Malawi,MWI,United Kingdom,GBR,647
Malawi,MWI,Namibia,NAM,785
Malawi,MWI,Portugal,PRT,2866
Malawi,MWI,Rwanda,RWA,1217
Malawi,MWI,Zambia,ZMB,2775
Malaysia,MYS,Austria,AUT,662
Malaysia,MYS,Bahrain,BHR,2366
Malaysia,MYS,Switzerland,CHE,1887
Malaysia,MYS,Denmark,DNK,1077
Malaysia,MYS,Algeria,DZA,1011
Malaysia,MYS,Egypt,EGY,1168
Malaysia,MYS,Spain,ESP,2290
Malaysia,MYS,Finland,FIN,592
Malaysia,MYS,France,FRA,2197
Malaysia,MYS,Indonesia,IDN,1012
Malaysia,MYS,Ireland,IRL,838
Malaysia,MYS,South Korea,KOR,1955
Malaysia,MYS,Kuwait,KWT,1526
Malaysia,MYS,Libya,LBY,1412
Malaysia,MYS,Macao,MAC,689
Malaysia,MYS,Netherlands,NLD,1965
Malaysia,MYS,Norway,NOR,1398
Malaysia,MYS,Russia,RUS,1259
Malaysia,MYS,Sweden,SWE,2148
Malaysia,MYS,Thailand,THA,1166
Malaysia,MYS,South Africa,ZAF,608
Mayotte,MYT,France,FRA,924
Mayotte,MYT,Reunion,REU,1482
Namibia,NAM,Angola,AGO,2340
New Caledonia,NCL,French Polynesia,PYF,862
Niger,NER,Ghana,GHA,2396
Nigeria,NGA,United Arab Emirates,ARE,2839
Nigeria,NGA,Australia,AUS,2559
Nigeria,NGA,Belgium,BEL,1817
Nigeria,NGA,Brazil,BRA,785
Nigeria,NGA,Central African Republic,CAF,1091
Nigeria,NGA,Switzerland,CHE,1782
Nigeria,NGA,Czech Republic,CZE,551
Nigeria,NGA,Denmark,DNK,659
Nigeria,NGA,Finland,FIN,1073
Nigeria,NGA,France,FRA,2971
Nigeria,NGA,Equatorial Guinea,GNQ,1912
Nigeria,NGA,Greece,GRC,2442
Nigeria,NGA,Hungary,HUN,748
Nigeria,NGA,Japan,JPN,1027
Nigeria,NGA,South Korea,KOR,668
Nigeria,NGA,Libya,LBY,679
Nigeria,NGA,Norway,NOR,682
Nigeria,NGA,Qatar,QAT,714
Nigeria,NGA,Saudi Arabia,SAU,2099
Nigeria,NGA,Sweden,SWE,2120
Nicaragua,NIC,Honduras,HND,1850
Nicaragua,NIC,Italy,ITA,719
Nicaragua,NIC,Mexico,MEX,1269
Nicaragua,NIC,Venezuela,VEN,711
Netherlands,NLD,Austria,AUT,2681
Netherlands,NLD,Burundi,BDI,648
Netherlands,NLD,Canada,CAN,1300
Netherlands,NLD,Denmark,DNK,1717
Netherlands,NLD,Finland,FIN,576
Netherlands,NLD,Greece,GRC,942
Netherlands,NLD,Hungary,HUN,1284
Netherlands,NLD,Indonesia,IDN,737
Netherlands,NLD,Ireland,IRL,1599
Netherlands,NLD,Israel,ISR,1775
Netherlands,NLD,Liberia,LBR,699
Netherlands,NLD,Luxembourg,LUX,944
Netherlands,NLD,Norway,NOR,2856
Netherlands,NLD,New Zealand,NZL,1046
Netherlands,NLD,Poland,POL,2214
Netherlands,NLD,Portugal,PRT,643
Netherlands,NLD,South Sudan,SSD,2092
Netherlands,NLD,Suriname,SUR,1359
Norway,NOR,Denmark,DNK,936
Norway,NOR,Spain,ESP,762
Norway,NOR,Sweden,SWE,1509
Nepal,NPL,Belgium,BEL,780
Nepal,NPL,Canada,CAN,2448
Nepal,NPL,Germany,DEU,1277
Nepal,NPL,Denmark,DNK,1256
Nepal,NPL,Spain,ESP,2085
Nepal,NPL,Finland,FIN,886
Nepal,NPL,France,FRA,665
Nepal,NPL,Hong Kong,HKG,2366
Nepal,NPL,Italy,ITA,960
Nepal,NPL,Netherlands,NLD,867
Nepal,NPL,Norway,NOR,655
Nepal,NPL,Qatar,QAT,831
Nepal,NPL,Saudi Arabia,SAU,1543
Nepal,NPL,Sweden,SWE,502
Nepal,NPL,Vietnam,VNM,849
New Zealand,NZL,Canada,CAN,1950
New Zealand,NZL,Germany,DEU,551
New Zealand,NZL,France,FRA,543
New Zealand,NZL,Singapore,SGP,793
New Zealand,NZL,United States,USA,2665
New Zealand,NZL,South Africa,ZAF,986
Oman,OMN,Australia,AUS,1208
Oman,OMN,Canada,CAN,901
Oman,OMN,Libya,LBY,563
Oman,OMN,Qatar,QAT,666
Oman,OMN,South Sudan,SSD,1149
Oman,OMN,United States,USA,730
Pakistan,PAK,Bangladesh,BGD,614
Pakistan,PAK,Switzerland,CHE,2941
Pakistan,PAK,Czech Republic,CZE,661
Pakistan,PAK,Finland,FIN,1763
Pakistan,PAK,Fiji,FJI,819
Pakistan,PAK,Hong Kong,HKG,2420
Pakistan,PAK,Indonesia,IDN,1928
Pakistan,PAK,Ireland,IRL,1709
Pakistan,PAK,Israel,ISR,558
Pakistan,PAK,Jordan,JOR,745
Pakistan,PAK,Libya,LBY,634
Pakistan,PAK,Madagascar,MDG,1306
Pakistan,PAK,Myanmar,MMR,849
Pakistan,PAK,New Zealand,NZL,2185
Pakistan,PAK,Portugal,PRT,1231
Pakistan,PAK,Russia,RUS,523
Pakistan,PAK,Turkey,TUR,2523
Pakistan,PAK,Uganda,UGA,510
Panama,PAN,Canada,CAN,721
Panama,PAN,Colombia,COL,674
Panama,PAN,Costa Rica,CRI,1288
Panama,PAN,Ecuador,ECU,709
Panama,PAN,Spain,ESP,1770
Panama,PAN,United States,USA,2863
Peru,PER,Aruba,ABW,598
Peru,PER,Austria,AUT,897
Peru,PER,Belgium,BEL,751
Peru,PER,Costa Rica,CRI,1327
Peru,PER,Denmark,DNK,668
Peru,PER,Dominican Republic,DOM,1079
Peru,PER,Israel,ISR,2229
Peru,PER,Mexico,MEX,2731
Peru,PER,Netherlands,NLD,2035
Peru,PER,Norway,NOR,903
Peru,PER,Panama,PAN,1253
Peru,PER,Paraguay,PRY,865
Peru,PER,Uruguay,URY,853
Philippines,PHL,Angola,AGO,913
Philippines,PHL,Belgium,BEL,1176
Philippines,PHL,Channel Islands,CHI,584
Philippines,PHL,Cyprus,CYP,2614
Philippines,PHL,Finland,FIN,1163
Philippines,PHL,Greece,GRC,1458
Philippines,PHL,Ireland,IRL,1734
Philippines,PHL,Iceland,ISL,734
Philippines,PHL,Israel,ISR,646
Philippines,PHL,North Korea,PRK,1810
Philippines,PHL,Thailand,THA,793
Philippines,PHL,Turkey,TUR,562
Poland,POL,Belgium,BEL,1832
Poland,POL,Czech Republic,CZE,2601
Poland,POL,Denmark,DNK,880
Poland,POL,Spain,ESP,1899
Poland,POL,Netherlands,NLD,1259
Poland,POL,Norway,NOR,2558
Poland,POL,Sweden,SWE,1217
Puerto Rico,PRI,Australia,AUS,1151
Puerto Rico,PRI,Canada,CAN,1038
Puerto Rico,PRI,Switzerland,CHE,662
Puerto Rico,PRI,Colombia,COL,1075
Puerto Rico,PRI,Germany,DEU,1315
Puerto Rico,PRI,Dominican Republic,DOM,2979
Puerto Rico,PRI,Ecuador,ECU,2416
Puerto Rico,PRI,France,FRA,752
Puerto Rico,PRI,United Kingdom,GBR,1850
Puerto Rico,PRI,Haiti,HTI,835
Puerto Rico,PRI,Israel,ISR,1616
Puerto Rico,PRI,Italy,ITA,2097
Puerto Rico,PRI,South Korea,KOR,627
Puerto Rico,PRI,Venezuela,VEN,1246
North Korea,PRK,Uzbekistan,UZB,1198
Portugal,PRT,Belgium,BEL,519
Portugal,PRT,Switzerland,CHE,1780
Portugal,PRT,Democratic Republic of the Congo,COD,1734
Portugal,PRT,Germany,DEU,524
Portugal,PRT,France,FRA,1396
Portugal,PRT,United Kingdom,GBR,2049
Portugal,PRT,South Africa,ZAF,848
Paraguay,PRY,Canada,CAN,929
Paraguay,PRY,Italy,ITA,817
Palestine,PSE,Bahrain,BHR,1837
Palestine,PSE,Norway,NOR,653
Palestine,PSE,Sweden,SWE,641
Palestine,PSE,United States,USA,1126
Romania,ROU,Belgium,BEL,1551
Romania,ROU,Bulgaria,BGR,970
Romania,ROU,Portugal,PRT,1313
Russia,RUS,Belgium,BEL,1327
Russia,RUS,Bulgaria,BGR,1965
Russia,RUS,Switzerland,CHE,893
Russia,RUS,Germany,DEU,710
Russia,RUS,Estonia,EST,1319
Russia,RUS,France,FRA,2230
Russia,RUS,United Kingdom,GBR,1004
Russia,RUS,Netherlands,NLD,1184
Russia,RUS,Norway,NOR,1895
Russia,RUS,Romania,ROU,893
Russia,RUS,Sweden,SWE,1855
Rwanda,RWA,Republic of Congo,COG,977
Saudi Arabia,SAU,Austria,AUT,1810
Saudi Arabia,SAU,Switzerland,CHE,1335
Saudi Arabia,SAU,Spain,ESP,980
Saudi Arabia,SAU,United Kingdom,GBR,1630
Saudi Arabia,SAU,India,IND,525
Saudi Arabia,SAU,Israel,ISR,1783
Saudi Arabia,SAU,Italy,ITA,2963
Saudi Arabia,SAU,Kuwait,KWT,664
Saudi Arabia,SAU,Lebanon,LBN,669
Saudi Arabia,SAU,Netherlands,NLD,960
Saudi Arabia,SAU,Norway,NOR,757
Saudi Arabia,SAU,New Zealand,NZL,778
Saudi Arabia,SAU,Sweden,SWE,2444
Saudi Arabia,SAU,Venezuela,VEN,708
Saudi Arabia,SAU,South Africa,ZAF,999
Sudan,SDN,Burundi,BDI,2452
Sudan,SDN,Republic of Congo,COG,868
Sudan,SDN,Denmark,DNK,526
Sudan,SDN,Algeria,DZA,2363
Sudan,SDN,Egypt,EGY,2958
Sudan,SDN,Spain,ESP,648
Sudan,SDN,Greece,GRC,634
Sudan,SDN,Iraq,IRQ,585
Sudan,SDN,Jordan,JOR,662
Sudan,SDN,Kenya,KEN,1046
Sudan,SDN,Netherlands,NLD,2082
Sudan,SDN,South Africa,ZAF,2090
Senegal,SEN,Belgium,BEL,823
Senegal,SEN,Central African Republic,CAF,975
Senegal,SEN,Canada,CAN,1307
Senegal,SEN,Switzerland,CHE,1090
Senegal,SEN,Cape Verde,CPV,922
Senegal,SEN,Germany,DEU,737
Senegal,SEN,Western Sahara,ESH,971
Senegal,SEN,Guinea-Bissau,GNB,1248
Senegal,SEN,Mali,MLI,1078
Senegal,SEN,Nigeria,NGA,1937
Senegal,SEN,Portugal,PRT,1642
Senegal,SEN,United States,USA,2519
Senegal,SEN,South Africa,ZAF,1061
Singapore,SGP,Canada,CAN,787
Singapore,SGP,Indonesia,IDN,2372
Singapore,SGP,New Zealand,NZL,633
Solomon Islands,SLB,Australia,AUS,587
El Salvador,SLV,Australia,AUS,1253
El Salvador,SLV,Belize,BLZ,874
El Salvador,SLV,Honduras,HND,698
El Salvador,SLV,Mexico,MEX,1285
El Salvador,SLV,Sweden,SWE,731
Somalia,SOM,Australia,AUS,1648
Somalia,SOM,Canada,CAN,2966
Somalia,SOM,Switzerland,CHE,1120
Somalia,SOM,Germany,DEU,664
Somalia,SOM,Djibouti,DJI,1991
Somalia,SOM,Denmark,DNK,1361
Somalia,SOM,Netherlands,NLD,1371
Somalia,SOM,Qatar,QAT,892
Somalia,SOM,Syria,SYR,880
Serbia,SRB,Canada,CAN,1977
Serbia,SRB,Switzerland,CHE,924
Serbia,SRB,Czech Republic,CZE,2089
Serbia,SRB,Spain,ESP,875
Serbia,SRB,France,FRA,2118
Serbia,SRB,Hungary,HUN,748
Serbia,SRB,Italy,ITA,896
Serbia,SRB,Macedonia,MKD,1543
Serbia,SRB,Netherlands,NLD,2116
Serbia,SRB,Norway,NOR,1545
Serbia,SRB,Poland,POL,1190
Serbia,SRB,Romania,ROU,689
Sao Tome and Principe,STP,Angola,AGO,2730
Sao Tome and Principe,STP,Equatorial Guinea,GNQ,669
Suriname,SUR,Guyana,GUY,845
Slovenia,SVN,Austria,AUT,515
Slovenia,SVN,Croatia,HRV,2449
Slovenia,SVN,Serbia,SRB,1362
Sweden,SWE,Belgium,BEL,589
Sweden,SWE,Switzerland,CHE,1012
Sweden,SWE,Germany,DEU,1128
Sweden,SWE,Denmark,DNK,1499
Sweden,SWE,Italy,ITA,1683
Sweden,SWE,Poland,POL,635
Sweden,SWE,Turkey,TUR,964
Swaziland,SWZ,Greece,GRC,611
Syria,SYR,Armenia,ARM,878
Syria,SYR,Austria,AUT,1294
Syria,SYR,Belgium,BEL,1016
Syria,SYR,Bulgaria,BGR,889
Syria,SYR,Switzerland,CHE,1481
Syria,SYR,Cyprus,CYP,1551
Syria,SYR,Czech Republic,CZE,509
Syria,SYR,Denmark,DNK,1080
Syria,SYR,Spain,ESP,1797
Syria,SYR,Hungary,HUN,761
Syria,SYR,Iraq,IRQ,690
Syria,SYR,Italy,ITA,2337
Syria,SYR,Kuwait,KWT,1748
Syria,SYR,Norway,NOR,1486
Syria,SYR,Palestine,PSE,1212
Syria,SYR,Russia,RUS,1686
Chad,TCD,United Arab Emirates,ARE,2238
Chad,TCD,Canada,CAN,656
Chad,TCD,Germany,DEU,592
Chad,TCD,Gabon,GAB,1223
Chad,TCD,United Kingdom,GBR,583
Chad,TCD,Italy,ITA,728
Chad,TCD,Qatar,QAT,561
Chad,TCD,Saudi Arabia,SAU,1756
Chad,TCD,United States,USA,1895
Togo,TGO,Democratic Republic of the Congo,COD,852
Togo,TGO,Germany,DEU,515
Togo,TGO,Gabon,GAB,603
Togo,TGO,Italy,ITA,859
Togo,TGO,Nigeria,NGA,1848
Thailand,THA,Austria,AUT,1848
Thailand,THA,Belgium,BEL,1664
Thailand,THA,Bahrain,BHR,508
Thailand,THA,Brunei,BRN,2928
Thailand,THA,Czech Republic,CZE,785
Thailand,THA,Spain,ESP,979
Thailand,THA,United Kingdom,GBR,657
Thailand,THA,Iceland,ISL,572
Thailand,THA,Malaysia,MYS,1287
Thailand,THA,New Zealand,NZL,2120
Thailand,THA,Qatar,QAT,997
Thailand,THA,Saudi Arabia,SAU,1052
Tajikistan,TJK,Azerbaijan,AZE,1158
Tajikistan,TJK,Belarus,BLR,1912
Tajikistan,TJK,Czech Republic,CZE,753
Tajikistan,TJK,Spain,ESP,678
Tajikistan,TJK,Iran,IRN,1029
Tajikistan,TJK,Italy,ITA,1164
Tajikistan,TJK,Kyrgyzstan,KGZ,602
Tajikistan,TJK,Moldova,MDA,956
Tajikistan,TJK,Turkmenistan,TKM,662
Tajikistan,TJK,United States,USA,521
Turkmenistan,TKM,Belarus,BLR,725
Turkmenistan,TKM,Germany,DEU,1068
Turkmenistan,TKM,Iran,IRN,1655
Turkmenistan,TKM,Israel,ISR,912
Turkmenistan,TKM,Italy,ITA,734
Turkmenistan,TKM,Turkey,TUR,516
East Timor,TLS,United Arab Emirates,ARE,1379
East Timor,TLS,United Kingdom,GBR,508
East Timor,TLS,Hong Kong,HKG,604
East Timor,TLS,Malaysia,MYS,1026
East Timor,TLS,Saudi Arabia,SAU,838
East Timor,TLS,Singapore,SGP,518
East Timor,TLS,United States,USA,1661
East Timor,TLS,Vietnam,VNM,575
Tonga,TON,Australia,AUS,1918
Tonga,TON,United States,USA,1525
Trinidad and Tobago,TTO,Barbados,BRB,518
Trinidad and Tobago,TTO,Canada,CAN,2587
Tunisia,TUN,Switzerland,CHE,997
Tunisia,TUN,Germany,DEU,904
Tunisia,TUN,United Kingdom,GBR,976
Tunisia,TUN,Italy,ITA,2969
Turkey,TUR,Australia,AUS,671
Turkey,TUR,Azerbaijan,AZE,548
Turkey,TUR,Belgium,BEL,798
Turkey,TUR,Bulgaria,BGR,1803
Turkey,TUR,Bahrain,BHR,787
Turkey,TUR,Canada,CAN,1780
Turkey,TUR,Czech Republic,CZE,1407
Turkey,TUR,Denmark,DNK,2050
Turkey,TUR,Finland,FIN,1919
Turkey,TUR,Greece,GRC,742
Turkey,TUR,Hungary,HUN,658
Turkey,TUR,Iraq,IRQ,1484
Turkey,TUR,Netherlands,NLD,742
Turkey,TUR,Norway,NOR,2093
Turkey,TUR,Qatar,QAT,1545
Turkey,TUR,Romania,ROU,2233
Turkey,TUR,Russia,RUS,2515
Turkey,TUR,Uzbekistan,UZB,2043
Tanzania,TZA,Australia,AUS,548
Tanzania,TZA,Republic of Congo,COG,703
Tanzania,TZA,Kenya,KEN,1141
Tanzania,TZA,Sweden,SWE,713
Tanzania,TZA,South Africa,ZAF,546
Uganda,UGA,Burundi,BDI,1230
Ukraine,UKR,Azerbaijan,AZE,855
Ukraine,UKR,Bulgaria,BGR,1780
Ukraine,UKR,Switzerland,CHE,1286
Ukraine,UKR,Denmark,DNK,2023
Ukraine,UKR,Estonia,EST,1082
Ukraine,UKR,France,FRA,1536
Ukraine,UKR,Lithuania,LTU,675
Ukraine,UKR,Moldova,MDA,944
Ukraine,UKR,Norway,NOR,780
Ukraine,UKR,Slovakia,SVK,2217
Ukraine,UKR,Sweden,SWE,1191
Uruguay,URY,Canada,CAN,1028
Uruguay,URY,Ecuador,ECU,921
Uruguay,URY,Israel,ISR,2200
Uruguay,URY,Paraguay,PRY,622
Uruguay,URY,Venezuela,VEN,546
United States,USA,Aruba,ABW,581
United States,USA,Angola,AGO,1045
United States,USA,Azerbaijan,AZE,893
United States,USA,Burundi,BDI,1536
United States,USA,Bahrain,BHR,1035
United States,USA,Belarus,BLR,2092
United States,USA,Belize,BLZ,1069
United States,USA,Bolivia,BOL,2505
United States,USA,Barbados,BRB,575
United States,USA,Botswana,BWA,768
United States,USA,Channel Islands,CHI,1044
United States,USA,Chile,CHL,1728
United States,USA,Costa Rica,CRI,1423
United States,USA,Dominican Republic,DOM,1338
United States,USA,Algeria,DZA,2037
United States,USA,Egypt,EGY,1390
United States,USA,Estonia,EST,795
United States,USA,Guatemala,GTM,1663
United States,USA,Honduras,HND,561
United States,USA,Croatia,HRV,2710
United States,USA,Haiti,HTI,561
United States,USA,Indonesia,IDN,1165
United States,USA,Jamaica,JAM,1709
United States,USA,Libya,LBY,528
United States,USA,Lithuania,LTU,2011
United States,USA,Latvia,LVA,1100
United States,USA,Macedonia,MKD,1055
United States,USA,Montenegro,MNE,1707
United States,USA,New Caledonia,NCL,648
United States,USA,Philippines,PHL,1251
United States,USA,North Korea,PRK,646
United States,USA,Paraguay,PRY,693
United States,USA,Palestine,PSE,801
United States,USA,Qatar,QAT,1709
United States,USA,Rwanda,RWA,722
United States,USA,El Salvador,SLV,508
United States,USA,Suriname,SUR,1007
United States,USA,Syria,SYR,716
United States,USA,Trinidad and Tobago,TTO,651
United States,USA,Tanzania,TZA,1026
United States,USA,Uganda,UGA,906
United States,USA,Uruguay,URY,860
United States,USA,Vietnam,VNM,531
Uzbekistan,UZB,Belgium,BEL,915
Uzbekistan,UZB,Bulgaria,BGR,573
Uzbekistan,UZB,Belarus,BLR,2022
Uzbekistan,UZB,Canada,CAN,525
Uzbekistan,UZB,Switzerland,CHE,698
Uzbekistan,UZB,Spain,ESP,1851
Uzbekistan,UZB,France,FRA,747
Uzbekistan,UZB,United Kingdom,GBR,527
Uzbekistan,UZB,Greece,GRC,863
Uzbekistan,UZB,Moldova,MDA,2437
Uzbekistan,UZB,Portugal,PRT,757
Uzbekistan,UZB,Sweden,SWE,1370
Uzbekistan,UZB,Turkmenistan,TKM,1092
Uzbekistan,UZB,Turkey,TUR,2346
Saint Vincent and the Grenadines,VCT,Barbados,BRB,1329
Saint Vincent and the Grenadines,VCT,Canada,CAN,1895
Saint Vincent and the Grenadines,VCT,United States,USA,2205
Venezuela,VEN,Australia,AUS,640
Venezuela,VEN,Canada,CAN,849
Venezuela,VEN,Switzerland,CHE,525
Venezuela,VEN,France,FRA,951
Venezuela,VEN,Mexico,MEX,1715
Venezuela,VEN,Panama,PAN,2144
Virgin Islands,VIR,France,FRA,546
Virgin Islands,VIR,United Kingdom,GBR,631
Vietnam,VNM,Austria,AUT,811
Vietnam,VNM,Switzerland,CHE,2843
Vietnam,VNM,Denmark,DNK,2358
Vietnam,VNM,Finland,FIN,1956
Vietnam,VNM,Hong Kong,HKG,1087
Vietnam,VNM,Hungary,HUN,1489
Vietnam,VNM,Italy,ITA,1923
Vietnam,VNM,Laos,LAO,1792
Vietnam,VNM,New Zealand,NZL,1267
Vietnam,VNM,Poland,POL,1755
Vietnam,VNM,Russia,RUS,1136
Vietnam,VNM,Slovakia,SVK,943
Yemen,YEM,Canada,CAN,579
Yemen,YEM,Germany,DEU,1003
Yemen,YEM,Algeria,DZA,2734
Yemen,YEM,South Sudan,SSD,2097
South Africa,ZAF,Angola,AGO,1760
South Africa,ZAF,Brazil,BRA,714
South Africa,ZAF,Switzerland,CHE,1548
South Africa,ZAF,Cyprus,CYP,1197
South Africa,ZAF,Germany,DEU,2397
South Africa,ZAF,Spain,ESP,581
South Africa,ZAF,France,FRA,1393
South Africa,ZAF,Greece,GRC,1088
South Africa,ZAF,Ireland,IRL,517
South Africa,ZAF,Italy,ITA,2281
South Africa,ZAF,Namibia,NAM,2138
South Africa,ZAF,Netherlands,NLD,1559
South Africa,ZAF,Portugal,PRT,1003
South Africa,ZAF,Sweden,SWE,652
South Africa,ZAF,Swaziland,SWZ,1553
Zambia,ZMB,Republic of Congo,COG,2622
Zambia,ZMB,France,FRA,639
Zambia,ZMB,United Kingdom,GBR,679
Zambia,ZMB,Rwanda,RWA,1234
Zambia,ZMB,Tanzania,TZA,608
Zimbabwe,ZWE,Burundi,BDI,1994
Zimbabwe,ZWE,Switzerland,CHE,1817
Zimbabwe,ZWE,Chile,CHL,610
Zimbabwe,ZWE,Democratic Republic of the Congo,COD,1195
Zimbabwe,ZWE,Cyprus,CYP,727
Zimbabwe,ZWE,Denmark,DNK,641
Zimbabwe,ZWE,Eritrea,ERI,505
Zimbabwe,ZWE,Spain,ESP,1021
Zimbabwe,ZWE,France,FRA,1273
Zimbabwe,ZWE,Ireland,IRL,2032
Zimbabwe,ZWE,Israel,ISR,715
Zimbabwe,ZWE,Italy,ITA,2071
Zimbabwe,ZWE,Netherlands,NLD,1974
Zimbabwe,ZWE,Norway,NOR,581
Zimbabwe,ZWE,South Sudan,SSD,991
Zimbabwe,ZWE,Sweden,SWE,871
Zimbabwe,ZWE,Swaziland,SWZ,1477
